target,alcohol,malic_acid,ash,alcalinity_of_ash,magnesium,total_phenols,flavanoids,nonflavanoid_phenols,proanthocyanins,color_intensity,hue,od280/od315_of_diluted_wines,proline
0,810.94,118.63,144.88,1005.2,6274.0,167.57,175.96,17.11,112.06,326.17,62.660000000000004,186.31,65827.0
1,871.79,137.22,159.38,1436.9,6713.0,160.38,147.74,25.82,115.75,219.15,74.996,197.76,36885.0
2,631.38,160.02,116.98,1028.0,4767.0,80.58,37.51,21.48,55.37,355.019999,32.77,80.81,30235.0
